rule,grid_value,before_avg_pred,after_avg_pred
insulin->future glucose,0.0,-2.0959237640097643,-2.773159225516471
insulin->future glucose,0.9909697336029157,-10.582273242398756,-7.6749556730359245
insulin->future glucose,1.9819394672058315,-2.2662501023940154,-3.932615879890202
insulin->future glucose,2.972909200808747,5.954166369192449,-2.674073367908588
insulin->future glucose,3.963878934411663,1.7167920729532398,-5.077558269918619
insulin->future glucose,4.954848668014579,-26.91365429397014,-25.246069095973443
insulin->future glucose,5.945818401617494,-36.36279718241538,-53.18893423325998
insulin->future glucose,6.93678813522041,-36.36279718241538,-60.099215336475325
insulin->future glucose,7.927757868823326,-36.36279718241538,-60.099215336475325
insulin->future glucose,8.918727602426241,-36.36279718241538,-60.099215336475325
insulin->future glucose,9.909697336029158,-36.36279718241538,-60.099215336475325
