rule,round,grid_value,avg_pred
insulin->future glucose,Before,1.033576397645818,10.697337639392055
insulin->future glucose,Before,18.97069652597807,4.023804907367298
insulin->future glucose,Before,36.907816654310324,1.6283849394246057
insulin->future glucose,Before,54.84493678264258,1.298263425735395
insulin->future glucose,Before,72.78205691097483,-1.978465034304856
insulin->future glucose,Before,90.71917703930708,-9.415182693235515
insulin->future glucose,Before,108.65629716763934,-9.415182693235515
insulin->future glucose,Before,126.59341729597159,-17.217139772583003
insulin->future glucose,Before,144.53053742430384,-21.70738696002325
insulin->future glucose,Before,162.4676575526361,-21.70738696002325
insulin->future glucose,After,1.033576397645818,11.841780159791526
insulin->future glucose,After,18.97069652597807,3.5203178232458043
insulin->future glucose,After,36.907816654310324,-0.6490482847384123
insulin->future glucose,After,54.84493678264258,-0.5493554341527598
insulin->future glucose,After,72.78205691097483,-5.903022992461524
insulin->future glucose,After,90.71917703930708,-13.626400488992285
insulin->future glucose,After,108.65629716763934,-13.50738686432853
insulin->future glucose,After,126.59341729597159,-26.314218703020828
insulin->future glucose,After,144.53053742430384,-31.892990124679223
insulin->future glucose,After,162.4676575526361,-31.892990124679223
carbs->future glucose,Before,0.0,-0.15202293772026343
carbs->future glucose,Before,13.227350813948718,-2.029871390168313
carbs->future glucose,Before,26.454701627897435,4.517657099475386
carbs->future glucose,Before,39.68205244184615,13.513342958506971
carbs->future glucose,Before,52.90940325579487,13.513342958506971
carbs->future glucose,Before,66.13675406974359,14.374631015483839
carbs->future glucose,Before,79.3641048836923,21.84666818782932
carbs->future glucose,Before,92.59145569764102,23.156635636089316
carbs->future glucose,Before,105.81880651158974,24.24673456342372
carbs->future glucose,Before,119.04615732553846,24.24673456342372
carbs->future glucose,After,0.0,-0.18599136431074062
carbs->future glucose,After,13.227350813948718,-3.0635574355293334
carbs->future glucose,After,26.454701627897435,0.07438177192472513
carbs->future glucose,After,39.68205244184615,5.591259746597994
carbs->future glucose,After,52.90940325579487,9.085455127078227
carbs->future glucose,After,66.13675406974359,11.579424973091607
carbs->future glucose,After,79.3641048836923,12.631812972634414
carbs->future glucose,After,92.59145569764102,14.153272727779584
carbs->future glucose,After,105.81880651158974,14.153272727779584
carbs->future glucose,After,119.04615732553846,14.153272727779584
pa_accel->future glucose,Before,-5.0,-0.16445503979459375
pa_accel->future glucose,Before,-4.14371017030199,-0.16445503979459375
pa_accel->future glucose,Before,-3.2874203406039806,-0.16445503979459375
pa_accel->future glucose,Before,-2.431130510905971,-0.16445503979459375
pa_accel->future glucose,Before,-1.5748406812079612,1.6518319996072202
pa_accel->future glucose,Before,-0.718550851509951,3.4087705884803117
pa_accel->future glucose,Before,0.13773897818805825,1.4878462808168864
pa_accel->future glucose,Before,0.9940288078860675,1.0488342703781948
pa_accel->future glucose,Before,1.8503186375840777,-1.5333777135087314
pa_accel->future glucose,Before,2.7066084672820883,-1.5333777135087314
pa_accel->future glucose,After,-5.0,2.4468839184882674
pa_accel->future glucose,After,-4.14371017030199,2.4468839184882674
pa_accel->future glucose,After,-3.2874203406039806,2.4468839184882674
pa_accel->future glucose,After,-2.431130510905971,2.4468839184882674
pa_accel->future glucose,After,-1.5748406812079612,2.4468839184882674
pa_accel->future glucose,After,-0.718550851509951,2.186781321720429
pa_accel->future glucose,After,0.13773897818805825,0.5108817575218698
pa_accel->future glucose,After,0.9940288078860675,-0.2993886708943537
pa_accel->future glucose,After,1.8503186375840777,-0.2993886708943537
pa_accel->future glucose,After,2.7066084672820883,-1.6002508440818133
